{"Х": " ", "Ь": "о", "Б": "и", "Ч": "а", "t": "и", "1": 0.06353591160220995, "А": "с", "Ы": 0.05110497237569061, " ": 0.04696132596685083, "<": 0.029005524861878452, "Д": 0.027624309392265192, "Щ": 0.022099447513812154, "Ъ": 0.020718232044198894, "Я": 0.019337016574585635, "Ф": 0.019337016574585635, "И": 0.019337016574585635, ">": 0.017955801104972375, "5": 0.016574585635359115, "7": 0.016574585635359115, "К": 0.016574585635359115, "2": 0.015193370165745856, "Е": 0.013812154696132596, "r": 0.013812154696132596, "Л": 0.012430939226519336, "Й": 0.011049723756906077, "О": 0.011049723756906077, "М": 0.009668508287292817, "Ш": 0.008287292817679558, "8": 0.004143646408839779, "4": 0.0027624309392265192, "У": 0.0013812154696132596, "9": 0.0013812154696132596}